name,region,date_of_event,number_of_guests,number_of_bookings,event_type
Anthony,Hampshire,31/10/17,335.00,1.00, Other 
Shoshana,Brecknockshire,20/04/17,296.00,1.00, Retirement 
Lesley,Westmorland,29/07/17,132.00,1.00, Christening 
Moana,Dumfriesshire,19/04/17,151.00,1.00, Birthday 
Arsenio,Cardiganshire,10/10/17,335.00,1.00, Corporate 
Clayton,Monmouthshire,29/01/16,170.00,1.00,Bar-Bat Mitzvah 
Kelly,Herefordshire,19/05/15,162.00,1.00,Bar-Bat Mitzvah 
Evan,Huntingdonshire,06/11/16,295.00,1.00, Retirement 
Moses,Cardiganshire,14/08/17,143.00,1.00, Other 
Quinn,Surrey,26/12/16,164.00,1.00, Birthday 
Harriet,Anglesey,24/09/16,101.00,1.00, Retirement 
Richard,Lancashire,12/08/15,228.00,1.00,Bar-Bat Mitzvah 
Nyssa,Flintshire,31/01/17,112.00,1.00,Bar-Bat Mitzvah 
John,Kent,13/07/16,256.00,1.00, Other 
Shelby,Berkshire,05/07/16,175.00,1.00, Other 
Dana,Kirkcudbrightshire,19/08/16,238.00,1.00, Corporate 
Althea,Oxfordshire,03/01/15,318.00,1.00,Bar-Bat Mitzvah 
Harriet,Orkney,13/04/16,71.00,1.00, Corporate 
Reese,West Lothian,22/11/17,93.00,1.00, Corporate 
Carly,Nairnshire,03/12/17,245.00,1.00, Other 
Vaughan,Buckinghamshire,22/03/17,350.00,1.00, Other 
Kareem,Huntingdonshire,26/10/17,53.00,1.00, Corporate 
Jelani,Dunbartonshire,27/12/15,81.00,1.00, Fete 
Rudyard,Staffordshire,31/05/15,275.00,1.00, Retirement 
Talon,Ayrshire,20/01/16,136.00,1.00, Corporate 
Anastasia,Kinross-shire,25/12/17,40.00,1.00, Other 
Benedict,Bedfordshire,21/03/17,346.00,1.00, Retirement 
Indira,Yorkshire,25/02/17,312.00,1.00, Retirement 
Mary,Roxburghshire,28/03/16,181.00,1.00, Wedding
Xander,Berwickshire,19/06/17,182.00,1.00,Bar-Bat Mitzvah 
Zahir,Kirkcudbrightshire,31/07/17,99.00,1.00, Other 
Hilda,West Lothian,14/10/15,237.00,1.00, Retirement 
Joseph,Denbighshire,03/03/17,288.00,1.00,Bar-Bat Mitzvah 
Derek,Glamorgan,07/05/15,320.00,1.00, Christening 
Wade,Aberdeenshire,22/11/16,83.00,1.00,Bar-Bat Mitzvah 
Addison,Northumberland,20/08/15,263.00,1.00, Corporate 
Belle,Morayshire,10/09/15,154.00,1.00,Bar-Bat Mitzvah 
Ferdinand,Brecknockshire,09/08/17,194.00,1.00, Retirement 
Vera,Carmarthenshire,28/07/15,72.00,1.00, Birthday 
Libby,Lincolnshire,26/07/17,309.00,1.00, Wedding
Charlotte,Somerset,05/05/16,162.00,1.00,Bar-Bat Mitzvah 
Harding,Cheshire,03/03/16,75.00,1.00, Other 
Martha,Lanarkshire,08/05/16,51.00,1.00,Bar-Bat Mitzvah 
May,Wiltshire,20/05/17,177.00,1.00, Birthday 
Quyn,Carmarthenshire,22/05/17,104.00,1.00, Other 
Rae,Lincolnshire,12/12/16,188.00,1.00, Retirement 
Thomas,Ayrshire,15/02/15,347.00,1.00,Bar-Bat Mitzvah 
Tashya,Denbighshire,08/09/15,346.00,1.00, Fete 
Leilani,Somerset,11/12/15,191.00,1.00, Fete 
Noah,Orkney,16/10/17,79.00,1.00, Other 
Kyle,Fife,22/11/17,149.00,1.00, Wedding
Fay,Banffshire,25/12/17,132.00,1.00,Bar-Bat Mitzvah 
Allistair,Angus,10/12/15,52.00,1.00, Christening 
Rudyard,Lancashire,17/11/16,132.00,1.00, Fete 
Moana,Montgomeryshire,01/12/15,219.00,1.00, Birthday 
Alec,Nairnshire,01/02/15,57.00,1.00, Retirement 
Martin,Nottinghamshire,16/12/16,62.00,1.00, Wedding
Cherokee,Montgomeryshire,01/04/15,135.00,1.00, Other 
Leonard,Worcestershire,25/02/15,45.00,1.00, Birthday 
Hall,Suffolk,29/07/15,296.00,1.00, Corporate 
Megan,Monmouthshire,09/01/16,67.00,1.00, Christening 
Garrison,Kirkcudbrightshire,15/08/15,347.00,1.00, Retirement 
Beverly,Buckinghamshire,15/08/15,228.00,1.00, Fete 
Ezra,Yorkshire,13/02/17,190.00,1.00, Other 
Benjamin,Surrey,01/01/16,327.00,1.00, Fete 
Karen,Buteshire,12/04/17,337.00,1.00, Birthday 
Christian,Derbyshire,01/02/15,310.00,1.00,Bar-Bat Mitzvah 
Myra,Shropshire,23/12/17,139.00,1.00, Retirement 
Whilemina,Flintshire,19/10/16,320.00,1.00, Fete 
Maya,Perthshire,11/09/16,44.00,1.00,Bar-Bat Mitzvah 
Calista,Argyllshire,12/06/17,96.00,1.00, Birthday 
Edward,Denbighshire,07/05/15,287.00,1.00, Birthday 
Cleo,Somerset,17/12/17,339.00,1.00,Bar-Bat Mitzvah 
Logan,Warwickshire,02/06/17,183.00,1.00, Wedding
Rooney,Surrey,01/04/16,326.00,1.00, Wedding
Gloria,Merionethshire,24/06/16,286.00,1.00, Fete 
Alfonso,Brecknockshire,08/03/15,75.00,1.00, Christening 
Margaret,Cardiganshire,03/03/17,197.00,1.00, Christening 
Bevis,Glamorgan,30/05/15,89.00,1.00, Birthday 
Dacey,Nottinghamshire,09/03/17,85.00,1.00, Wedding
Uma,Selkirkshire,08/11/15,53.00,1.00, Wedding
Micah,Dunbartonshire,16/12/15,112.00,1.00, Fete 
Abra,Radnorshire,30/03/17,158.00,1.00, Fete 
India,Stirlingshire,28/06/15,164.00,1.00, Christening 
Thane,Brecknockshire,18/12/15,43.00,1.00, Retirement 
Evangeline,Lanarkshire,25/06/15,292.00,1.00, Fete 
Desiree,Orkney,02/03/16,292.00,1.00, Christening 
Orson,Durham,18/03/16,280.00,1.00, Birthday 
Hadassah,Devon,26/12/15,292.00,1.00, Corporate 
Caesar,Durham,24/08/15,92.00,1.00, Birthday 
Zachery,Kirkcudbrightshire,11/12/17,188.00,1.00, Birthday 
Slade,Dunbartonshire,12/04/17,173.00,1.00, Birthday 
Lila,Staffordshire,24/04/17,254.00,1.00,Bar-Bat Mitzvah 
Sarah,Oxfordshire,12/04/17,174.00,1.00, Retirement 
Denise,Cheshire,30/04/16,106.00,1.00, Christening 
Dale,Northumberland,18/02/16,59.00,1.00, Wedding
Ariel,Carmarthenshire,19/01/17,296.00,1.00, Christening 
Mara,Cumberland,13/05/15,158.00,1.00, Retirement 
Anne,Berkshire,03/08/15,81.00,1.00, Birthday 
Trevor,West Lothian,16/07/17,128.00,1.00, Corporate 
Jarrod,Worcestershire,21/09/17,125.00,1.00,Bar-Bat Mitzvah 
Veronica,Brecknockshire,09/03/17,114.00,1.00,Bar-Bat Mitzvah 
Medge,Ross-shire,22/12/17,43.00,1.00,Bar-Bat Mitzvah 
Chadwick,Dunbartonshire,22/12/16,190.00,1.00, Fete 
Brenden,Cumberland,01/09/15,143.00,1.00, Other 
Nigel,Cheshire,18/12/17,288.00,1.00, Birthday 
Amber,Merionethshire,14/04/15,304.00,1.00, Fete 
Macy,Suffolk,28/09/17,48.00,1.00, Christening 
Pascale,Clackmannanshire,11/01/15,204.00,1.00, Other 
Fitzgerald,Glamorgan,01/03/15,221.00,1.00, Wedding
Jaden,Cambridgeshire,03/06/17,346.00,1.00, Christening 
Adrienne,Montgomeryshire,03/02/15,213.00,1.00, Fete 
Joel,Perthshire,27/01/17,222.00,1.00, Other 
Danielle,Anglesey,01/12/15,132.00,1.00, Fete 
Piper,Derbyshire,22/07/16,176.00,1.00, Retirement 
Grant,Stirlingshire,06/09/16,94.00,1.00, Other 
Moana,Oxfordshire,10/11/17,342.00,1.00, Fete 
Vaughan,Hampshire,11/05/17,193.00,1.00, Christening 
Dean,Denbighshire,01/08/17,177.00,1.00, Wedding
Kalia,Derbyshire,31/03/17,314.00,1.00,Bar-Bat Mitzvah 
James,Orkney,01/04/17,225.00,1.00, Retirement 
Genevieve,Orkney,08/01/15,92.00,1.00, Retirement 
Ross,Lancashire,20/03/17,340.00,1.00, Christening 
Leonard,Bedfordshire,07/06/16,124.00,1.00, Birthday 
Sierra,Suffolk,30/11/15,259.00,1.00, Fete 
Buckminster,Cambridgeshire,30/12/15,43.00,1.00, Christening 
Violet,Radnorshire,14/08/17,232.00,1.00, Retirement 
Karen,Berkshire,09/10/17,77.00,1.00,Bar-Bat Mitzvah 
Hasad,Merionethshire,01/12/17,306.00,1.00, Corporate 
Mia,Shropshire,17/05/15,145.00,1.00, Other 
Lucius,Northumberland,06/04/16,125.00,1.00, Retirement 
Jameson,Berkshire,22/02/16,84.00,1.00, Corporate 
Amanda,Orkney,11/01/15,152.00,1.00,Bar-Bat Mitzvah 
Tad,Hampshire,24/07/15,242.00,1.00, Wedding
Brent,Caithness,29/10/17,274.00,1.00, Other 
Jonah,Argyllshire,12/02/16,153.00,1.00, Fete 
Rooney,Worcestershire,09/07/16,165.00,1.00, Birthday 
Dolan,Essex,23/11/15,59.00,1.00,Bar-Bat Mitzvah 
Addison,Midlothian,07/11/17,292.00,1.00, Wedding
Ivory,Roxburghshire,18/11/15,170.00,1.00, Christening 
Thor,Devon,10/07/15,144.00,1.00, Birthday 
Noble,Devon,07/09/16,276.00,1.00, Other 
Rogan,Morayshire,09/07/16,238.00,1.00, Christening 
Lyle,Fife,01/04/17,209.00,1.00,Bar-Bat Mitzvah 
Alana,Carmarthenshire,08/05/16,273.00,1.00,Bar-Bat Mitzvah 
Blossom,Brecknockshire,14/11/17,154.00,1.00, Retirement 
Megan,Yorkshire,05/05/15,65.00,1.00, Wedding
Audra,Flintshire,21/01/16,346.00,1.00, Birthday 
Carolyn,Argyllshire,20/12/16,94.00,1.00, Other 
Denise,East Lothian,26/08/15,186.00,1.00, Corporate 
Minerva,Sussex,29/06/15,312.00,1.00, Corporate 
Tobias,Shropshire,26/06/16,164.00,1.00, Retirement 
Henry,Berkshire,06/10/16,207.00,1.00, Birthday 
Jack,Westmorland,25/07/17,196.00,1.00, Corporate 
Ferdinand,Orkney,26/06/16,305.00,1.00, Other 
Adrian,Nottinghamshire,16/08/15,236.00,1.00,Bar-Bat Mitzvah 
Georgia,Surrey,07/07/17,223.00,1.00,Bar-Bat Mitzvah 
Callum,Buckinghamshire,25/09/15,286.00,1.00, Birthday 
Elliott,Glamorgan,19/10/15,215.00,1.00, Wedding
Martina,Anglesey,13/12/16,207.00,1.00, Wedding
Tashya,Berkshire,19/10/16,145.00,1.00, Other 
Abbot,Monmouthshire,01/12/16,169.00,1.00, Other 
MacKenzie,Huntingdonshire,15/08/15,196.00,1.00, Retirement 
Julian,Wiltshire,09/08/16,120.00,1.00, Birthday 
Doris,Buteshire,24/04/16,55.00,1.00, Christening 
Aaron,Bedfordshire,24/08/15,338.00,1.00, Corporate 
Uta,Surrey,17/02/17,227.00,1.00, Corporate 
Alexandra,Norfolk,20/01/15,333.00,1.00, Corporate 
Donovan,Herefordshire,11/10/16,257.00,1.00, Fete 
Ruth,Dumfriesshire,10/11/16,199.00,1.00, Other 
Wendy,Suffolk,31/08/17,330.00,1.00, Birthday 
Callie,Stirlingshire,28/04/17,186.00,1.00,Bar-Bat Mitzvah 
Abraham,Glamorgan,01/06/16,127.00,1.00,Bar-Bat Mitzvah 
Jayme,Kirkcudbrightshire,08/01/16,240.00,1.00, Retirement 
Avram,Hampshire,02/04/17,90.00,1.00,Bar-Bat Mitzvah 
Aaron,Midlothian,21/02/17,85.00,1.00, Christening 
Carol,Argyllshire,07/04/15,104.00,1.00, Retirement 
Cadman,Essex,01/12/15,138.00,1.00, Retirement 
Kirk,Durham,10/11/17,334.00,1.00, Other 
Todd,Berkshire,07/11/16,190.00,1.00,Bar-Bat Mitzvah 
Quinlan,Angus,03/08/16,330.00,1.00, Christening 
Donovan,Sutherland,31/08/17,321.00,1.00, Birthday 
Nyssa,Herefordshire,11/10/16,70.00,1.00, Corporate 
Walter,Morayshire,21/03/15,51.00,1.00, Other 
Cameron,Bedfordshire,24/02/16,150.00,1.00, Corporate 
Travis,Worcestershire,21/11/17,269.00,1.00, Other 
Madeline,Sussex,16/04/15,253.00,1.00, Fete 
Wing,Surrey,20/02/15,76.00,1.00, Other 
Arden,Stirlingshire,06/12/17,188.00,1.00, Wedding
Geoffrey,Clackmannanshire,02/10/17,94.00,1.00, Fete 
Amos,Hampshire,23/12/15,121.00,1.00,Bar-Bat Mitzvah 
Ethan,Morayshire,29/09/15,122.00,1.00,Bar-Bat Mitzvah 
Leah,Flintshire,05/02/16,338.00,1.00, Other 
Tarik,Inverness-shire,07/06/15,242.00,1.00, Other 
September,Shropshire,13/10/16,49.00,1.00, Christening 
Jamal,Gloucestershire,23/11/15,130.00,1.00, Wedding
Richard,Inverness-shire,30/12/16,70.00,1.00, Fete 
Vivien,Nairnshire,03/02/17,228.00,1.00,Bar-Bat Mitzvah 
Palmer,Radnorshire,30/03/17,260.00,1.00, Wedding
Karen,Ross-shire,01/03/16,123.00,1.00,Bar-Bat Mitzvah 
Moses,Hertfordshire,04/10/17,196.00,1.00, Wedding
Hayley,Lincolnshire,15/04/16,123.00,1.00, Birthday 
Renee,Aberdeenshire,14/07/15,64.00,1.00, Christening 
Erica,Banffshire,24/11/15,292.00,1.00, Birthday 
Emerald,Roxburghshire,20/06/15,145.00,1.00,Bar-Bat Mitzvah 
Zachery,Glamorgan,11/11/15,286.00,1.00, Wedding
Cynthia,Aberdeenshire,26/05/17,146.00,1.00, Christening 
Melissa,Cornwall,16/02/15,40.00,1.00, Other 
Wyatt,Stirlingshire,07/08/17,92.00,1.00, Wedding
Cade,Orkney,04/06/17,182.00,1.00, Wedding
Travis,Dunbartonshire,23/03/15,285.00,1.00,Bar-Bat Mitzvah 
Kyle,Brecknockshire,18/10/17,112.00,1.00, Wedding
Janna,Merionethshire,31/01/15,257.00,1.00, Wedding
Simone,Leicestershire,02/12/16,67.00,1.00, Birthday 
Halla,Gloucestershire,30/07/16,128.00,1.00, Fete 
Neville,Cornwall,22/02/15,228.00,1.00,Bar-Bat Mitzvah 
Wendy,East Lothian,20/12/15,241.00,1.00, Christening 
Cruz,Hertfordshire,05/02/15,221.00,1.00, Christening 
Iola,Dorset,28/02/16,104.00,1.00, Retirement 
Leo,Essex,28/05/15,82.00,1.00, Wedding
Indira,Flintshire,01/08/15,51.00,1.00, Other 
Galena,Sutherland,26/07/15,101.00,1.00, Wedding
Aiko,Selkirkshire,24/09/15,300.00,1.00, Fete 
Dylan,Cambridgeshire,12/07/17,225.00,1.00, Wedding
Lionel,Norfolk,04/08/15,112.00,1.00, Birthday 
Anika,Perthshire,18/02/15,76.00,1.00, Birthday 
Lacota,Essex,30/09/15,280.00,1.00, Fete 
Quinn,Morayshire,09/11/17,193.00,1.00, Other 
Desirae,Cheshire,11/06/16,172.00,1.00, Corporate 
Honorato,Surrey,18/11/17,84.00,1.00,Bar-Bat Mitzvah 
Raja,Buckinghamshire,05/12/15,176.00,1.00,Bar-Bat Mitzvah 
Hammett,Morayshire,16/06/15,312.00,1.00,Bar-Bat Mitzvah 
Ivan,Cambridgeshire,27/02/17,104.00,1.00, Other 
Kitra,Clackmannanshire,21/07/15,197.00,1.00, Corporate 
Kylan,Pembrokeshire,23/07/15,94.00,1.00, Fete 
Guy,Merionethshire,28/07/17,219.00,1.00, Fete 
Joel,Nottinghamshire,11/01/17,182.00,1.00,Bar-Bat Mitzvah 
Sheila,Warwickshire,07/06/16,123.00,1.00, Birthday 
Scarlet,Aberdeenshire,21/10/17,189.00,1.00, Birthday 
Amaya,Dorset,20/06/17,154.00,1.00, Retirement 
Ross,Sutherland,17/04/16,203.00,1.00, Wedding
Clementine,Dorset,15/08/16,130.00,1.00, Corporate 
Jin,Ross-shire,08/03/16,285.00,1.00, Retirement 
Nerea,Argyllshire,28/03/17,315.00,1.00, Other 
Donna,Nairnshire,23/06/17,296.00,1.00, Fete 
Armand,Buteshire,22/06/17,151.00,1.00, Christening 
Fatima,Devon,28/08/17,192.00,1.00, Retirement 
Gabriel,Lancashire,29/08/17,208.00,1.00, Other 
Winter,Kincardineshire,27/06/17,110.00,1.00, Christening 
Melyssa,Radnorshire,19/06/16,163.00,1.00, Corporate 
Clayton,Lanarkshire,14/03/16,242.00,1.00, Birthday 
Lawrence,Carmarthenshire,06/02/16,146.00,1.00, Fete 
Julian,Lancashire,25/08/17,75.00,1.00,Bar-Bat Mitzvah 
Zenia,Lanarkshire,09/10/17,201.00,1.00, Corporate 
Jessamine,Hertfordshire,09/05/16,50.00,1.00, Wedding
Marsden,Shropshire,19/04/16,212.00,1.00, Retirement 
Plato,Surrey,17/02/17,146.00,1.00, Wedding
Gareth,Nairnshire,04/12/15,350.00,1.00, Fete 
Kareem,Cumberland,19/11/16,342.00,1.00, Wedding
Quamar,Orkney,17/05/16,126.00,1.00, Other 
Brooke,Morayshire,24/03/16,168.00,1.00, Wedding
Phelan,Worcestershire,17/05/16,261.00,1.00,Bar-Bat Mitzvah 
Acton,Leicestershire,23/05/16,304.00,1.00, Wedding
Aphrodite,Kincardineshire,06/06/15,219.00,1.00, Other 
Casey,Dorset,06/06/17,183.00,1.00, Other 
Callum,Gloucestershire,17/02/17,244.00,1.00, Birthday 
Noel,Cambridgeshire,01/03/17,346.00,1.00, Other 
Devin,Pembrokeshire,11/08/16,147.00,1.00, Wedding
Yen,Buckinghamshire,10/06/17,201.00,1.00,Bar-Bat Mitzvah 
Lars,Lanarkshire,22/06/15,173.00,1.00, Birthday 
Clinton,Buckinghamshire,18/03/15,80.00,1.00, Wedding
Amir,Sutherland,04/10/16,274.00,1.00, Other 
Risa,Cumberland,02/11/16,335.00,1.00, Wedding
Juliet,Anglesey,14/03/16,337.00,1.00, Other 
Cara,Pembrokeshire,29/03/16,45.00,1.00,Bar-Bat Mitzvah 
Alma,West Lothian,09/02/16,174.00,1.00,Bar-Bat Mitzvah 
Paul,Nairnshire,17/02/15,244.00,1.00, Fete 
Nehru,Rutland,17/03/16,146.00,1.00, Retirement 
Abraham,Fife,23/03/16,220.00,1.00, Wedding
Felix,Orkney,20/11/16,293.00,1.00, Wedding
Brendan,Gloucestershire,11/12/17,249.00,1.00,Bar-Bat Mitzvah 
Kennedy,Argyllshire,10/01/15,151.00,1.00, Corporate 
Quincy,Kirkcudbrightshire,09/12/16,245.00,1.00, Other 
Zia,Lanarkshire,23/12/15,328.00,1.00, Wedding
Kennedy,Caithness,02/02/15,168.00,1.00, Retirement 
Darryl,Aberdeenshire,24/05/15,178.00,1.00, Corporate 
Jaden,Lincolnshire,19/08/16,216.00,1.00, Other 
Orlando,Midlothian,26/09/17,74.00,1.00, Wedding
Deirdre,Hertfordshire,06/04/16,106.00,1.00,Bar-Bat Mitzvah 
Nerea,Denbighshire,27/08/16,330.00,1.00, Corporate 
Clayton,Kent,30/08/16,216.00,1.00, Retirement 
Kelly,Essex,06/07/16,115.00,1.00,Bar-Bat Mitzvah 
Nathaniel,Dunbartonshire,30/05/17,186.00,1.00, Other 
Leilani,Morayshire,19/09/17,122.00,1.00, Fete 
Laurel,Dumfriesshire,04/03/15,185.00,1.00, Retirement 
Bianca,Hampshire,05/06/15,106.00,1.00, Corporate 
Fuller,Devon,15/06/16,57.00,1.00, Other 
Joshua,Westmorland,30/10/16,309.00,1.00, Corporate 
Brittany,Wiltshire,16/10/17,295.00,1.00, Other 
Caleb,Lincolnshire,12/05/17,336.00,1.00, Fete 
Duncan,Roxburghshire,03/10/17,68.00,1.00,Bar-Bat Mitzvah 
Mia,Ayrshire,10/04/16,226.00,1.00, Retirement 
Clarke,Shropshire,15/01/16,283.00,1.00,Bar-Bat Mitzvah 
Kennedy,Kirkcudbrightshire,22/09/16,58.00,1.00, Corporate 
Jameson,Surrey,08/05/17,249.00,1.00, Corporate 
Alfonso,Buteshire,14/05/15,237.00,1.00, Other 
Tamara,Somerset,03/06/15,179.00,1.00, Wedding
Alden,Kent,19/05/16,52.00,1.00, Christening 
Sylvester,Kent,07/02/15,308.00,1.00, Wedding
Graiden,Westmorland,24/06/16,334.00,1.00, Corporate 
Chanda,Durham,20/08/17,136.00,1.00, Fete 
Emi,Northumberland,22/10/15,134.00,1.00, Fete 
Jenna,Derbyshire,25/10/17,69.00,1.00, Wedding
Ivory,Aberdeenshire,29/03/16,278.00,1.00, Other 
Clementine,Nottinghamshire,19/07/16,171.00,1.00, Other 
Emerson,Sutherland,06/05/16,315.00,1.00, Wedding
Vincent,Wigtownshire,11/10/17,52.00,1.00, Wedding
Hayley,Pembrokeshire,10/01/15,112.00,1.00, Corporate 
Clinton,Lincolnshire,11/05/17,282.00,1.00, Corporate 
Fuller,Fife,10/03/16,273.00,1.00,Bar-Bat Mitzvah 
Serina,Kincardineshire,09/03/16,201.00,1.00, Fete 
Lucius,Kent,29/10/16,301.00,1.00, Christening 
Riley,Lincolnshire,13/11/16,189.00,1.00, Wedding
Freya,Radnorshire,31/01/16,164.00,1.00, Other 
Keefe,Northamptonshire,20/03/15,318.00,1.00,Bar-Bat Mitzvah 
Basil,Nairnshire,07/02/15,328.00,1.00, Wedding
Jonas,Leicestershire,25/03/16,155.00,1.00, Other 
Alden,Clackmannanshire,26/02/15,192.00,1.00, Retirement 
Brody,Dumfriesshire,24/04/17,131.00,1.00, Retirement 
Oprah,Norfolk,04/06/17,308.00,1.00, Wedding
Mallory,Lanarkshire,07/11/16,74.00,1.00, Birthday 
Harrison,Clackmannanshire,01/11/17,173.00,1.00, Fete 
Joshua,Dorset,04/02/17,50.00,1.00, Retirement 
Ella,Oxfordshire,27/12/16,51.00,1.00, Retirement 
Quynn,Suffolk,10/05/17,249.00,1.00, Other 
Serina,Carmarthenshire,11/02/17,158.00,1.00, Retirement 
Peter,Carmarthenshire,04/09/17,289.00,1.00, Birthday 
Imogene,Westmorland,13/03/16,232.00,1.00, Fete 
Rhoda,Argyllshire,04/03/16,173.00,1.00, Corporate 
Cadman,Roxburghshire,20/04/17,131.00,1.00, Birthday 
Caryn,Rutland,21/05/16,112.00,1.00, Christening 
Abra,Derbyshire,15/09/17,86.00,1.00, Birthday 
Garrison,Shetland,27/08/17,230.00,1.00, Wedding
Victor,Glamorgan,29/10/15,345.00,1.00, Birthday 
Barry,Angus,01/03/17,98.00,1.00, Other 
Keelie,Cumberland,27/07/17,216.00,1.00, Wedding
Arden,Glamorgan,25/03/17,58.00,1.00, Fete 
Julie,Cheshire,28/06/15,117.00,1.00,Bar-Bat Mitzvah 
Cherokee,Oxfordshire,07/01/15,322.00,1.00, Birthday 
Winifred,Sussex,08/04/15,265.00,1.00, Corporate 
Carissa,Aberdeenshire,14/05/17,347.00,1.00, Christening 
Rogan,Radnorshire,02/04/17,170.00,1.00, Fete 
Gail,Northamptonshire,31/03/17,45.00,1.00, Retirement 
Pamela,Northumberland,19/06/16,328.00,1.00, Other 
Avram,Dunbartonshire,24/10/16,81.00,1.00, Wedding
Ruth,Roxburghshire,17/03/16,202.00,1.00, Wedding
Maryam,Fife,11/03/17,350.00,1.00, Wedding
Moana,Devon,10/04/17,240.00,1.00,Bar-Bat Mitzvah 
Freya,Monmouthshire,15/06/16,290.00,1.00, Wedding
Wing,Suffolk,26/02/15,151.00,1.00, Other 
Dahlia,Herefordshire,29/05/15,249.00,1.00, Other 
Kiara,Somerset,16/04/15,275.00,1.00, Birthday 
George,Durham,07/07/15,277.00,1.00, Corporate 
Zeus,Buteshire,30/01/17,350.00,1.00, Fete 
Beverly,East Lothian,12/11/16,147.00,1.00, Fete 
Tobias,Berkshire,26/10/15,293.00,1.00, Wedding
Orson,Leicestershire,24/11/17,327.00,1.00, Retirement 
Medge,Derbyshire,02/10/16,232.00,1.00, Other 
Demetrius,Cheshire,27/06/15,117.00,1.00, Fete 
Austin,Huntingdonshire,02/06/17,123.00,1.00, Corporate 
Rosalyn,Stirlingshire,12/02/17,42.00,1.00, Wedding
Xanthus,Orkney,13/09/15,259.00,1.00, Birthday 
Quamar,Lincolnshire,28/08/17,306.00,1.00, Birthday 
Giacomo,Devon,08/07/16,294.00,1.00,Bar-Bat Mitzvah 
Chandler,Nairnshire,11/03/15,337.00,1.00, Wedding
Hiroko,Shetland,17/09/15,73.00,1.00, Retirement 
Cullen,Essex,18/03/17,132.00,1.00,Bar-Bat Mitzvah 
Quynn,Kincardineshire,23/03/15,220.00,1.00, Retirement 
Vera,Midlothian,09/12/17,76.00,1.00, Retirement 
Natalie,West Lothian,05/01/17,349.00,1.00, Other 
Hayden,Worcestershire,26/04/15,194.00,1.00,Bar-Bat Mitzvah 
Ignatius,Monmouthshire,17/09/16,192.00,1.00, Retirement 
Seth,Cardiganshire,12/02/17,121.00,1.00, Christening 
Malachi,Cumberland,10/03/16,43.00,1.00, Birthday 
Jackson,Pembrokeshire,23/09/16,68.00,1.00, Wedding
Kay,Radnorshire,30/03/16,151.00,1.00, Retirement 
Talon,Aberdeenshire,04/10/17,158.00,1.00, Retirement 
Keegan,Northamptonshire,15/02/15,153.00,1.00, Christening 
Quentin,Hampshire,15/04/17,336.00,1.00, Other 
Imani,Argyllshire,08/02/16,270.00,1.00, Corporate 
Branden,Clackmannanshire,25/09/15,115.00,1.00, Retirement 
Brenna,Staffordshire,11/11/17,240.00,1.00,Bar-Bat Mitzvah 
Kane,Yorkshire,30/10/15,248.00,1.00, Birthday 
Edward,Devon,25/02/15,94.00,1.00, Other 
Halla,Hertfordshire,13/12/17,75.00,1.00, Corporate 
Lacota,Dunbartonshire,15/12/15,56.00,1.00, Christening 
Tatiana,Stirlingshire,13/05/16,100.00,1.00, Retirement 
Cheyenne,Lincolnshire,05/05/15,115.00,1.00, Fete 
Elton,Essex,14/12/15,162.00,1.00, Christening 
Barrett,Orkney,08/11/15,178.00,1.00, Fete 
Emery,Rutland,06/07/16,198.00,1.00, Christening 
Lillith,Berkshire,24/09/16,42.00,1.00,Bar-Bat Mitzvah 
Leilani,Anglesey,14/10/17,89.00,1.00, Retirement 
Marsden,Berkshire,31/10/17,269.00,1.00, Corporate 
Linda,Kirkcudbrightshire,19/07/17,73.00,1.00, Corporate 
Lee,Buckinghamshire,03/11/17,128.00,1.00, Retirement 
Unity,Flintshire,30/11/17,192.00,1.00, Christening 
Giselle,East Lothian,07/08/17,147.00,1.00, Birthday 
Aiko,Nairnshire,15/03/16,51.00,1.00, Christening 
Channing,Roxburghshire,28/01/16,197.00,1.00, Corporate 
Dexter,Derbyshire,19/05/17,261.00,1.00, Birthday 
Samantha,East Lothian,14/07/16,202.00,1.00, Christening 
Joelle,Clackmannanshire,01/04/17,284.00,1.00, Fete 
Kennedy,Clackmannanshire,11/02/15,149.00,1.00, Birthday 
Kyla,Herefordshire,04/07/15,213.00,1.00, Retirement 
Stacey,Norfolk,19/03/17,140.00,1.00, Wedding
Serena,Pembrokeshire,30/10/16,170.00,1.00, Wedding
Connor,Flintshire,16/11/16,310.00,1.00, Other 
Kirk,Herefordshire,28/05/16,239.00,1.00, Christening 
Aurelia,Orkney,08/10/15,144.00,1.00, Other 
Zia,Fife,25/10/15,98.00,1.00, Wedding
Orlando,Kincardineshire,19/12/16,64.00,1.00, Christening 
Hector,Buckinghamshire,15/03/16,244.00,1.00, Retirement 
Alika,Midlothian,25/04/16,240.00,1.00, Birthday 
Kibo,Bedfordshire,25/02/16,76.00,1.00, Other 
Juliet,Berwickshire,06/05/15,197.00,1.00, Wedding
Kato,Hampshire,10/06/16,262.00,1.00, Other 
Donovan,Oxfordshire,06/09/17,298.00,1.00, Retirement 
Malachi,Argyllshire,04/02/16,51.00,1.00, Christening 
Raven,Kincardineshire,27/09/17,263.00,1.00,Bar-Bat Mitzvah 
Hasad,Morayshire,15/02/17,335.00,1.00,Bar-Bat Mitzvah 
Chandler,Oxfordshire,25/04/16,253.00,1.00, Fete 
Charlotte,Inverness-shire,06/06/16,307.00,1.00, Corporate 
Bell,Kent,27/05/16,70.00,1.00, Fete 
Anthony,Pembrokeshire,28/12/17,194.00,1.00, Fete 
Magee,Cambridgeshire,22/10/15,86.00,1.00, Wedding
Ginger,Cambridgeshire,09/05/16,279.00,1.00, Other 
Meredith,Midlothian,04/08/15,291.00,1.00, Other 
Chaim,Derbyshire,11/03/16,103.00,1.00, Fete 
Olivia,Bedfordshire,24/06/16,54.00,1.00, Birthday 
Hall,Buckinghamshire,05/11/15,236.00,1.00, Fete 
Zachery,Orkney,24/07/17,72.00,1.00,Bar-Bat Mitzvah 
Prescott,Fife,28/05/15,175.00,1.00,Bar-Bat Mitzvah 
Kiona,Essex,16/06/15,251.00,1.00, Retirement 
Jacob,Orkney,29/04/15,278.00,1.00, Wedding
Lyle,Berwickshire,15/07/16,88.00,1.00, Christening 
Skyler,Leicestershire,28/05/16,229.00,1.00, Other 
Wyoming,Pembrokeshire,01/05/17,212.00,1.00, Retirement 
Dara,Buckinghamshire,02/10/16,347.00,1.00,Bar-Bat Mitzvah 
Ishmael,Angus,04/05/15,213.00,1.00,Bar-Bat Mitzvah 
Shoshana,Berkshire,19/09/16,271.00,1.00, Christening 
Valentine,Shropshire,15/12/15,141.00,1.00, Christening 
Kieran,Kirkcudbrightshire,19/01/17,263.00,1.00, Fete 
Lucas,Northamptonshire,08/07/17,319.00,1.00,Bar-Bat Mitzvah 
Giacomo,Rutland,06/04/15,124.00,1.00, Other 
Chastity,Orkney,01/06/16,315.00,1.00, Other 
Imogene,Surrey,12/01/16,158.00,1.00, Fete 
Nevada,Devon,13/09/17,256.00,1.00, Christening 
Denton,Kent,16/08/17,190.00,1.00, Retirement 
Whitney,Essex,19/11/16,284.00,1.00, Birthday 
Isaiah,Ayrshire,19/10/17,298.00,1.00, Other 
Vaughan,Dumfriesshire,10/01/15,56.00,1.00, Corporate 
Wang,Gloucestershire,16/02/15,220.00,1.00, Christening 
Chanda,Essex,26/09/15,189.00,1.00, Fete 
Vladimir,Stirlingshire,16/02/15,71.00,1.00, Christening 
Wesley,Brecknockshire,29/10/15,74.00,1.00, Fete 
Amanda,Lancashire,29/07/17,278.00,1.00, Other 
Remedios,Denbighshire,25/04/16,334.00,1.00, Retirement 
Heather,Perthshire,22/10/15,225.00,1.00,Bar-Bat Mitzvah 
Shay,Oxfordshire,20/11/17,83.00,1.00, Christening 
Cooper,Cornwall,11/09/16,138.00,1.00, Christening 
Rooney,Hertfordshire,29/06/16,153.00,1.00, Retirement 
Jermaine,Flintshire,27/03/17,138.00,1.00, Other 
Bernard,Norfolk,28/06/17,222.00,1.00, Corporate 
Ramona,Denbighshire,30/04/16,167.00,1.00, Corporate 
Jorden,Lincolnshire,16/08/15,182.00,1.00, Wedding
Yardley,Kirkcudbrightshire,10/07/15,158.00,1.00, Other 
Germaine,Denbighshire,10/05/15,235.00,1.00, Birthday 
Dara,Cambridgeshire,25/02/16,96.00,1.00, Corporate 
Alfonso,Wigtownshire,11/04/16,64.00,1.00, Other 
Priscilla,Oxfordshire,08/02/16,210.00,1.00, Christening 
Halla,Berwickshire,28/04/16,130.00,1.00, Birthday 
Rae,Worcestershire,05/08/15,222.00,1.00, Corporate 
Rigel,Dumfriesshire,30/06/15,218.00,1.00, Retirement 
Richard,Buteshire,23/07/17,57.00,1.00, Other 
Micah,Hampshire,18/03/15,103.00,1.00, Birthday 
Nelle,West Lothian,07/08/17,220.00,1.00, Birthday 
Allegra,Wigtownshire,22/09/15,129.00,1.00, Christening 
Raymond,Ayrshire,04/10/17,59.00,1.00,Bar-Bat Mitzvah 
Harper,Clackmannanshire,14/05/15,219.00,1.00, Retirement 
Kenyon,Selkirkshire,21/04/16,57.00,1.00, Fete 
Baker,Inverness-shire,18/06/15,259.00,1.00, Other 
Iliana,Shropshire,16/01/15,103.00,1.00, Retirement 
Daquan,Buckinghamshire,02/02/15,231.00,1.00, Wedding
Brady,Bedfordshire,04/08/17,265.00,1.00,Bar-Bat Mitzvah 
Darryl,Suffolk,30/12/16,320.00,1.00, Christening 
Beau,Hampshire,14/09/17,116.00,1.00, Birthday 
Kato,Carmarthenshire,07/03/15,197.00,1.00, Birthday 
Philip,Montgomeryshire,18/06/16,97.00,1.00, Christening 
Gil,Morayshire,16/09/15,72.00,1.00, Christening 